Optical constants of epsomite (Mg SO_4 . 7 H_2 O); T = 120 K; averaged. Ref: Dalton; J. B.; and K. M. Pitman (2012); Low temperature optical constants of some hydrated sulfates relevant to planetary surfaces; J. Geophys. Res.
Wavelength (microns), n(lambda), k(lambda), n upper, k upper, n lower, k lower bound 
3.510000E-01,1.450013E+00,1.454035E-07,1.450019E+00,2.180905E-07,1.450010E+00,1.090434E-07
3.540000E-01,1.450013E+00,1.501052E-07,1.450019E+00,2.251932E-07,1.450009E+00,1.126283E-07
3.570000E-01,1.450012E+00,1.542220E-07,1.450019E+00,2.313687E-07,1.450009E+00,1.156994E-07
3.600000E-01,1.450012E+00,1.579768E-07,1.450019E+00,2.369330E-07,1.450009E+00,1.184987E-07
3.630000E-01,1.450012E+00,1.607740E-07,1.450018E+00,2.411113E-07,1.450009E+00,1.205882E-07
3.660000E-01,1.450012E+00,1.629360E-07,1.450018E+00,2.443539E-07,1.450009E+00,1.221750E-07
3.690000E-01,1.450012E+00,1.645866E-07,1.450018E+00,2.468118E-07,1.450009E+00,1.234214E-07
3.720000E-01,1.450012E+00,1.656424E-07,1.450018E+00,2.484303E-07,1.450009E+00,1.242484E-07
3.750000E-01,1.450012E+00,1.661956E-07,1.450018E+00,2.492954E-07,1.450009E+00,1.246635E-07
3.780000E-01,1.450012E+00,1.662522E-07,1.450017E+00,2.493534E-07,1.450009E+00,1.246747E-07
3.810000E-01,1.450011E+00,1.658910E-07,1.450017E+00,2.488747E-07,1.450009E+00,1.244353E-07
3.840000E-01,1.450011E+00,1.652301E-07,1.450017E+00,2.479201E-07,1.450009E+00,1.239580E-07
3.870000E-01,1.450011E+00,1.643550E-07,1.450017E+00,2.464795E-07,1.450009E+00,1.232377E-07
3.900000E-01,1.450011E+00,1.627804E-07,1.450017E+00,2.441726E-07,1.450008E+00,1.221212E-07
3.930000E-01,1.450011E+00,1.585895E-07,1.450016E+00,2.379236E-07,1.450008E+00,1.189224E-07
3.960000E-01,1.450011E+00,1.564567E-07,1.450016E+00,2.347060E-07,1.450008E+00,1.173133E-07
3.990000E-01,1.450011E+00,1.527215E-07,1.450016E+00,2.291033E-07,1.450008E+00,1.145306E-07
4.020000E-01,1.450011E+00,1.520012E-07,1.450016E+00,2.279657E-07,1.450008E+00,1.140189E-07
4.050000E-01,1.450011E+00,1.502156E-07,1.450016E+00,2.252872E-07,1.450008E+00,1.126606E-07
4.080000E-01,1.450010E+00,1.503994E-07,1.450016E+00,2.255239E-07,1.450008E+00,1.127791E-07
4.110000E-01,1.450010E+00,1.499847E-07,1.450015E+00,2.249598E-07,1.450008E+00,1.125167E-07
4.140000E-01,1.450010E+00,1.494693E-07,1.450015E+00,2.242062E-07,1.450008E+00,1.120812E-07
4.170000E-01,1.450010E+00,1.500777E-07,1.450015E+00,2.250793E-07,1.450007E+00,1.125374E-07
4.200000E-01,1.450010E+00,1.503606E-07,1.450015E+00,2.255830E-07,1.450007E+00,1.127494E-07
4.230000E-01,1.450010E+00,1.500302E-07,1.450015E+00,2.250274E-07,1.450007E+00,1.125014E-07
4.260000E-01,1.450010E+00,1.507709E-07,1.450014E+00,2.261788E-07,1.450007E+00,1.130669E-07
4.290000E-01,1.450009E+00,1.511408E-07,1.450014E+00,2.266729E-07,1.450007E+00,1.133748E-07
4.320000E-01,1.450009E+00,1.518289E-07,1.450014E+00,2.277662E-07,1.450007E+00,1.138398E-07
4.350000E-01,1.450009E+00,1.526976E-07,1.450014E+00,2.290178E-07,1.450007E+00,1.145065E-07
4.380000E-01,1.450009E+00,1.535845E-07,1.450014E+00,2.303479E-07,1.450007E+00,1.151924E-07
4.410000E-01,1.450009E+00,1.540717E-07,1.450013E+00,2.311726E-07,1.450007E+00,1.155421E-07
4.440000E-01,1.450009E+00,1.555831E-07,1.450013E+00,2.334192E-07,1.450006E+00,1.166651E-07
4.470000E-01,1.450009E+00,1.564647E-07,1.450013E+00,2.346995E-07,1.450006E+00,1.173473E-07
4.500000E-01,1.450008E+00,1.570026E-07,1.450013E+00,2.356343E-07,1.450006E+00,1.177721E-07
4.530000E-01,1.450008E+00,1.579203E-07,1.450012E+00,2.368614E-07,1.450006E+00,1.184498E-07
4.560000E-01,1.450008E+00,1.587499E-07,1.450012E+00,2.380840E-07,1.450006E+00,1.190828E-07
4.590000E-01,1.450008E+00,1.592718E-07,1.450012E+00,2.389536E-07,1.450006E+00,1.194308E-07
4.620000E-01,1.450008E+00,1.596554E-07,1.450012E+00,2.395513E-07,1.450006E+00,1.197731E-07
4.650000E-01,1.450008E+00,1.600745E-07,1.450011E+00,2.400922E-07,1.450006E+00,1.200216E-07
4.680000E-01,1.450007E+00,1.607965E-07,1.450011E+00,2.411529E-07,1.450006E+00,1.205961E-07
4.710000E-01,1.450007E+00,1.612464E-07,1.450011E+00,2.418945E-07,1.450006E+00,1.209000E-07
4.740000E-01,1.450007E+00,1.617339E-07,1.450011E+00,2.425359E-07,1.450005E+00,1.213104E-07
4.770000E-01,1.450007E+00,1.617167E-07,1.450010E+00,2.425324E-07,1.450005E+00,1.213089E-07
4.800000E-01,1.450007E+00,1.620736E-07,1.450010E+00,2.431016E-07,1.450005E+00,1.215710E-07
4.830000E-01,1.450007E+00,1.622847E-07,1.450010E+00,2.433839E-07,1.450005E+00,1.217352E-07
4.860000E-01,1.450006E+00,1.623706E-07,1.450010E+00,2.435586E-07,1.450005E+00,1.217997E-07
4.890001E-01,1.450006E+00,1.623293E-07,1.450009E+00,2.435313E-07,1.450005E+00,1.218094E-07
4.920000E-01,1.450006E+00,1.625083E-07,1.450009E+00,2.438118E-07,1.450005E+00,1.219266E-07
4.950000E-01,1.450006E+00,1.623723E-07,1.450009E+00,2.435610E-07,1.450005E+00,1.218013E-07
4.980000E-01,1.450006E+00,1.629311E-07,1.450009E+00,2.444230E-07,1.450004E+00,1.221616E-07
5.010000E-01,1.450006E+00,1.628196E-07,1.450009E+00,2.441845E-07,1.450004E+00,1.220896E-07
5.040000E-01,1.450006E+00,1.632208E-07,1.450008E+00,2.448817E-07,1.450004E+00,1.224382E-07
5.070000E-01,1.450005E+00,1.634709E-07,1.450008E+00,2.451851E-07,1.450004E+00,1.226379E-07
5.100000E-01,1.450005E+00,1.635673E-07,1.450008E+00,2.453780E-07,1.450004E+00,1.226983E-07
5.130000E-01,1.450005E+00,1.639942E-07,1.450007E+00,2.460427E-07,1.450004E+00,1.230308E-07
5.160000E-01,1.450005E+00,1.642924E-07,1.450007E+00,2.464047E-07,1.450004E+00,1.231996E-07
5.190000E-01,1.450005E+00,1.649276E-07,1.450007E+00,2.474434E-07,1.450004E+00,1.237189E-07
5.220000E-01,1.450004E+00,1.650887E-07,1.450007E+00,2.476853E-07,1.450003E+00,1.238398E-07
5.250000E-01,1.450004E+00,1.663860E-07,1.450006E+00,2.495570E-07,1.450003E+00,1.248006E-07
5.280000E-01,1.450004E+00,1.671865E-07,1.450006E+00,2.507326E-07,1.450003E+00,1.253885E-07
5.310001E-01,1.450004E+00,1.678847E-07,1.450006E+00,2.517543E-07,1.450003E+00,1.258743E-07
5.340000E-01,1.450004E+00,1.687318E-07,1.450006E+00,2.531766E-07,1.450003E+00,1.265854E-07
5.370001E-01,1.450004E+00,1.698326E-07,1.450005E+00,2.547009E-07,1.450003E+00,1.273603E-07
5.400000E-01,1.450003E+00,1.707814E-07,1.450005E+00,2.562262E-07,1.450003E+00,1.281102E-07
5.430000E-01,1.450003E+00,1.719877E-07,1.450005E+00,2.580617E-07,1.450002E+00,1.290280E-07
5.460000E-01,1.450003E+00,1.728861E-07,1.450004E+00,2.592803E-07,1.450002E+00,1.295854E-07
5.490000E-01,1.450003E+00,1.740964E-07,1.450004E+00,2.611216E-07,1.450002E+00,1.305578E-07
5.520000E-01,1.450003E+00,1.752049E-07,1.450004E+00,2.627579E-07,1.450002E+00,1.313760E-07
5.550000E-01,1.450002E+00,1.763150E-07,1.450004E+00,2.645018E-07,1.450002E+00,1.321953E-07
5.580000E-01,1.450002E+00,1.774798E-07,1.450003E+00,2.661963E-07,1.450002E+00,1.330687E-07
5.610000E-01,1.450002E+00,1.786203E-07,1.450003E+00,2.678935E-07,1.450001E+00,1.339437E-07
5.640000E-01,1.450002E+00,1.797895E-07,1.450003E+00,2.696471E-07,1.450001E+00,1.348339E-07
5.670000E-01,1.450002E+00,1.807727E-07,1.450002E+00,2.711352E-07,1.450001E+00,1.355914E-07
5.700000E-01,1.450001E+00,1.819455E-07,1.450002E+00,2.729483E-07,1.450001E+00,1.364170E-07
5.730000E-01,1.450001E+00,1.830118E-07,1.450002E+00,2.745479E-07,1.450001E+00,1.372981E-07
5.760000E-01,1.450001E+00,1.836011E-07,1.450001E+00,2.753843E-07,1.450001E+00,1.377027E-07
5.790000E-01,1.450001E+00,1.842141E-07,1.450001E+00,2.763792E-07,1.450001E+00,1.381590E-07
5.820000E-01,1.450001E+00,1.853342E-07,1.450001E+00,2.779216E-07,1.450000E+00,1.390129E-07
5.850000E-01,1.450000E+00,1.867335E-07,1.450001E+00,2.800201E-07,1.450000E+00,1.400069E-07
5.880000E-01,1.450000E+00,1.888625E-07,1.450000E+00,2.832411E-07,1.450000E+00,1.416173E-07
5.893000E-01,1.450000E+00,1.897272E-07,1.450000E+00,2.845381E-07,1.450000E+00,1.422659E-07
5.910000E-01,1.450000E+00,1.908071E-07,1.450000E+00,2.862560E-07,1.450000E+00,1.431248E-07
5.940000E-01,1.450000E+00,1.921983E-07,1.450000E+00,2.883852E-07,1.450000E+00,1.441894E-07
5.970001E-01,1.449999E+00,1.928859E-07,1.449999E+00,2.893321E-07,1.450000E+00,1.446345E-07
6.000000E-01,1.449999E+00,1.943674E-07,1.449999E+00,2.915259E-07,1.449999E+00,1.458167E-07
6.030000E-01,1.449999E+00,1.955680E-07,1.449999E+00,2.934411E-07,1.449999E+00,1.467173E-07
6.060000E-01,1.449999E+00,1.969434E-07,1.449998E+00,2.953609E-07,1.449999E+00,1.477347E-07
6.090000E-01,1.449999E+00,1.997671E-07,1.449998E+00,2.996539E-07,1.449999E+00,1.498526E-07
6.120000E-01,1.449998E+00,2.027831E-07,1.449998E+00,3.040909E-07,1.449999E+00,1.520421E-07
6.150000E-01,1.449998E+00,2.062274E-07,1.449997E+00,3.093153E-07,1.449999E+00,1.546543E-07
6.180000E-01,1.449998E+00,2.073507E-07,1.449997E+00,3.110587E-07,1.449998E+00,1.555260E-07
6.210000E-01,1.449998E+00,2.070612E-07,1.449997E+00,3.106835E-07,1.449998E+00,1.553384E-07
6.240000E-01,1.449998E+00,2.076176E-07,1.449996E+00,3.114741E-07,1.449998E+00,1.557337E-07
6.270000E-01,1.449997E+00,2.091807E-07,1.449996E+00,3.136853E-07,1.449998E+00,1.568988E-07
6.300001E-01,1.449997E+00,2.116758E-07,1.449996E+00,3.174573E-07,1.449998E+00,1.586954E-07
6.330001E-01,1.449997E+00,2.143651E-07,1.449995E+00,3.215510E-07,1.449998E+00,1.608021E-07
6.360000E-01,1.449997E+00,2.170100E-07,1.449995E+00,3.254278E-07,1.449997E+00,1.627709E-07
6.390001E-01,1.449996E+00,2.193066E-07,1.449994E+00,3.290543E-07,1.449997E+00,1.645085E-07
6.420000E-01,1.449996E+00,2.214933E-07,1.449994E+00,3.322739E-07,1.449997E+00,1.661640E-07
6.450000E-01,1.449996E+00,2.238133E-07,1.449994E+00,3.356621E-07,1.449997E+00,1.678276E-07
6.480001E-01,1.449996E+00,2.255919E-07,1.449993E+00,3.384529E-07,1.449997E+00,1.692844E-07
6.510000E-01,1.449995E+00,2.276244E-07,1.449993E+00,3.413784E-07,1.449997E+00,1.707474E-07
6.540000E-01,1.449995E+00,2.296039E-07,1.449993E+00,3.444405E-07,1.449996E+00,1.721547E-07
6.570001E-01,1.449995E+00,2.317168E-07,1.449992E+00,3.475164E-07,1.449996E+00,1.738170E-07
6.600000E-01,1.449995E+00,2.337765E-07,1.449992E+00,3.507310E-07,1.449996E+00,1.753620E-07
6.630000E-01,1.449994E+00,2.359084E-07,1.449992E+00,3.538346E-07,1.449996E+00,1.769138E-07
6.660000E-01,1.449994E+00,2.381130E-07,1.449991E+00,3.572048E-07,1.449996E+00,1.785356E-07
6.690000E-01,1.449994E+00,2.404549E-07,1.449991E+00,3.605908E-07,1.449995E+00,1.803552E-07
6.720000E-01,1.449994E+00,2.423619E-07,1.449991E+00,3.636102E-07,1.449995E+00,1.817855E-07
6.750000E-01,1.449993E+00,2.426755E-07,1.449990E+00,3.640809E-07,1.449995E+00,1.820368E-07
6.780000E-01,1.449993E+00,2.452976E-07,1.449990E+00,3.680143E-07,1.449995E+00,1.840036E-07
6.810001E-01,1.449993E+00,2.489025E-07,1.449989E+00,3.734543E-07,1.449995E+00,1.866912E-07
6.840000E-01,1.449993E+00,2.508425E-07,1.449989E+00,3.763323E-07,1.449994E+00,1.881949E-07
6.870000E-01,1.449992E+00,2.529202E-07,1.449988E+00,3.794166E-07,1.449994E+00,1.897046E-07
6.900001E-01,1.449992E+00,2.549411E-07,1.449988E+00,3.823827E-07,1.449994E+00,1.912531E-07
6.930001E-01,1.449992E+00,2.568384E-07,1.449988E+00,3.853599E-07,1.449994E+00,1.926762E-07
6.960000E-01,1.449992E+00,2.588745E-07,1.449987E+00,3.883486E-07,1.449994E+00,1.941706E-07
6.990001E-01,1.449991E+00,2.627091E-07,1.449987E+00,3.941338E-07,1.449993E+00,1.970300E-07
7.020000E-01,1.449991E+00,2.657678E-07,1.449987E+00,3.986222E-07,1.449993E+00,1.993740E-07
7.050000E-01,1.449991E+00,2.691106E-07,1.449986E+00,4.035358E-07,1.449993E+00,2.018311E-07
7.080000E-01,1.449991E+00,2.729422E-07,1.449986E+00,4.094172E-07,1.449993E+00,2.046712E-07
7.110000E-01,1.449990E+00,2.769990E-07,1.449985E+00,4.154686E-07,1.449993E+00,2.077979E-07
7.140000E-01,1.449990E+00,2.810802E-07,1.449985E+00,4.215565E-07,1.449992E+00,2.108421E-07
7.170000E-01,1.449990E+00,2.863423E-07,1.449984E+00,4.294492E-07,1.449992E+00,2.147888E-07
7.200000E-01,1.449989E+00,2.915701E-07,1.449984E+00,4.372566E-07,1.449992E+00,2.186245E-07
7.230000E-01,1.449989E+00,2.969687E-07,1.449984E+00,4.453883E-07,1.449992E+00,2.226903E-07
7.260000E-01,1.449989E+00,3.023332E-07,1.449983E+00,4.534347E-07,1.449992E+00,2.267479E-07
7.290000E-01,1.449988E+00,3.078356E-07,1.449983E+00,4.619472E-07,1.449991E+00,2.309006E-07
7.319999E-01,1.449988E+00,3.139978E-07,1.449982E+00,4.710700E-07,1.449991E+00,2.354616E-07
7.350001E-01,1.449988E+00,3.204095E-07,1.449982E+00,4.806704E-07,1.449991E+00,2.403313E-07
7.380000E-01,1.449988E+00,3.272829E-07,1.449981E+00,4.910334E-07,1.449991E+00,2.455127E-07
7.410001E-01,1.449987E+00,3.347289E-07,1.449981E+00,5.021676E-07,1.449991E+00,2.510095E-07
7.440000E-01,1.449987E+00,3.428595E-07,1.449980E+00,5.143638E-07,1.449990E+00,2.571073E-07
7.470000E-01,1.449987E+00,3.516117E-07,1.449980E+00,5.275633E-07,1.449990E+00,2.637422E-07
7.500000E-01,1.449986E+00,3.614192E-07,1.449980E+00,5.420615E-07,1.449990E+00,2.710624E-07
7.530000E-01,1.449986E+00,3.712938E-07,1.449979E+00,5.570161E-07,1.449990E+00,2.784325E-07
7.560000E-01,1.449986E+00,3.809487E-07,1.449979E+00,5.715704E-07,1.449989E+00,2.857812E-07
7.590000E-01,1.449986E+00,3.898045E-07,1.449978E+00,5.846388E-07,1.449989E+00,2.922793E-07
7.620000E-01,1.449985E+00,3.988628E-07,1.449978E+00,5.981538E-07,1.449989E+00,2.991090E-07
7.650000E-01,1.449985E+00,4.075450E-07,1.449977E+00,6.114669E-07,1.449989E+00,3.057293E-07
7.680000E-01,1.449985E+00,4.170844E-07,1.449977E+00,6.255214E-07,1.449988E+00,3.127567E-07
7.710000E-01,1.449984E+00,4.266859E-07,1.449976E+00,6.401062E-07,1.449988E+00,3.200489E-07
7.740000E-01,1.449984E+00,4.365696E-07,1.449976E+00,6.549321E-07,1.449988E+00,3.273884E-07
7.770000E-01,1.449984E+00,4.462222E-07,1.449975E+00,6.692637E-07,1.449988E+00,3.347014E-07
7.800000E-01,1.449983E+00,4.557884E-07,1.449975E+00,6.836865E-07,1.449988E+00,3.418761E-07
7.830001E-01,1.449983E+00,4.640778E-07,1.449975E+00,6.961211E-07,1.449987E+00,3.480563E-07
7.860000E-01,1.449983E+00,4.718208E-07,1.449974E+00,7.078845E-07,1.449987E+00,3.538635E-07
7.890000E-01,1.449982E+00,4.783370E-07,1.449974E+00,7.174721E-07,1.449987E+00,3.588068E-07
7.919999E-01,1.449982E+00,4.836868E-07,1.449973E+00,7.254595E-07,1.449987E+00,3.628006E-07
7.950000E-01,1.449982E+00,4.885357E-07,1.449973E+00,7.328082E-07,1.449986E+00,3.663619E-07
7.980000E-01,1.449981E+00,4.920825E-07,1.449972E+00,7.382228E-07,1.449986E+00,3.690314E-07
8.010001E-01,1.449981E+00,4.944644E-07,1.449972E+00,7.417580E-07,1.449986E+00,3.708747E-07
8.040000E-01,1.449981E+00,4.955918E-07,1.449971E+00,7.436205E-07,1.449986E+00,3.717298E-07
8.070000E-01,1.449980E+00,4.960629E-07,1.449971E+00,7.440987E-07,1.449985E+00,3.719685E-07
8.100001E-01,1.449980E+00,4.949872E-07,1.449970E+00,7.425624E-07,1.449985E+00,3.712768E-07
8.130000E-01,1.449980E+00,4.940440E-07,1.449970E+00,7.409934E-07,1.449985E+00,3.705694E-07
8.160001E-01,1.449979E+00,4.926934E-07,1.449969E+00,7.390829E-07,1.449985E+00,3.695373E-07
8.190001E-01,1.449979E+00,4.913582E-07,1.449969E+00,7.369839E-07,1.449984E+00,3.684874E-07
8.220000E-01,1.449979E+00,4.898439E-07,1.449968E+00,7.348486E-07,1.449984E+00,3.674198E-07
8.250000E-01,1.449978E+00,4.888143E-07,1.449968E+00,7.331476E-07,1.449984E+00,3.664911E-07
8.280000E-01,1.449978E+00,4.880784E-07,1.449967E+00,7.323577E-07,1.449984E+00,3.660958E-07
8.310000E-01,1.449978E+00,4.885855E-07,1.449967E+00,7.328038E-07,1.449983E+00,3.663975E-07
8.340001E-01,1.449977E+00,4.896373E-07,1.449966E+00,7.343418E-07,1.449983E+00,3.672455E-07
8.370000E-01,1.449977E+00,4.922720E-07,1.449965E+00,7.385711E-07,1.449983E+00,3.692017E-07
8.400000E-01,1.449977E+00,4.964268E-07,1.449965E+00,7.445652E-07,1.449982E+00,3.722780E-07
8.430001E-01,1.449976E+00,5.013987E-07,1.449964E+00,7.520223E-07,1.449982E+00,3.760068E-07
8.460000E-01,1.449976E+00,5.078376E-07,1.449964E+00,7.618414E-07,1.449982E+00,3.808760E-07
8.490000E-01,1.449975E+00,5.149540E-07,1.449963E+00,7.725165E-07,1.449982E+00,3.861730E-07
8.520001E-01,1.449975E+00,5.230779E-07,1.449963E+00,7.844597E-07,1.449981E+00,3.923062E-07
8.550000E-01,1.449975E+00,5.318949E-07,1.449962E+00,7.977658E-07,1.449981E+00,3.988784E-07
8.580000E-01,1.449974E+00,5.430400E-07,1.449961E+00,8.145645E-07,1.449981E+00,4.073591E-07
8.610001E-01,1.449974E+00,5.547400E-07,1.449961E+00,8.321149E-07,1.449980E+00,4.160528E-07
8.640000E-01,1.449974E+00,5.682294E-07,1.449960E+00,8.523900E-07,1.449980E+00,4.261902E-07
8.670000E-01,1.449973E+00,5.822925E-07,1.449960E+00,8.736081E-07,1.449980E+00,4.368816E-07
8.700000E-01,1.449973E+00,5.975124E-07,1.449959E+00,8.962730E-07,1.449980E+00,4.481319E-07
8.730000E-01,1.449972E+00,6.134857E-07,1.449959E+00,9.202333E-07,1.449979E+00,4.601534E-07
8.760000E-01,1.449972E+00,6.293884E-07,1.449958E+00,9.440039E-07,1.449979E+00,4.719974E-07
8.790000E-01,1.449972E+00,6.455524E-07,1.449957E+00,9.682501E-07,1.449979E+00,4.841203E-07
8.820001E-01,1.449971E+00,6.614775E-07,1.449957E+00,9.921373E-07,1.449978E+00,4.961476E-07
8.850001E-01,1.449971E+00,6.783354E-07,1.449956E+00,1.017508E-06,1.449978E+00,5.087911E-07
8.880000E-01,1.449970E+00,6.956291E-07,1.449955E+00,1.043701E-06,1.449978E+00,5.217616E-07
8.910000E-01,1.449970E+00,7.137007E-07,1.449955E+00,1.070725E-06,1.449978E+00,5.353574E-07
8.940000E-01,1.449970E+00,7.317927E-07,1.449954E+00,1.097736E-06,1.449977E+00,5.488633E-07
8.970000E-01,1.449969E+00,7.510115E-07,1.449954E+00,1.126607E-06,1.449977E+00,5.632138E-07
9.000000E-01,1.449969E+00,7.704276E-07,1.449953E+00,1.155646E-06,1.449977E+00,5.778185E-07
9.030000E-01,1.449968E+00,7.902993E-07,1.449952E+00,1.185539E-06,1.449976E+00,5.927651E-07
9.060001E-01,1.449968E+00,8.097704E-07,1.449952E+00,1.214747E-06,1.449976E+00,6.072824E-07
9.090000E-01,1.449967E+00,8.298702E-07,1.449951E+00,1.245155E-06,1.449976E+00,6.224002E-07
9.119999E-01,1.449967E+00,8.493933E-07,1.449950E+00,1.274181E-06,1.449975E+00,6.369990E-07
9.150001E-01,1.449967E+00,8.686790E-07,1.449950E+00,1.302850E-06,1.449975E+00,6.515069E-07
9.180000E-01,1.449966E+00,8.861572E-07,1.449949E+00,1.329241E-06,1.449975E+00,6.646154E-07
9.209998E-01,1.449966E+00,9.007604E-07,1.449949E+00,1.351407E-06,1.449974E+00,6.756988E-07
9.240000E-01,1.449965E+00,9.129860E-07,1.449948E+00,1.369484E-06,1.449974E+00,6.845617E-07
9.270000E-01,1.449965E+00,9.234251E-07,1.449947E+00,1.385187E-06,1.449974E+00,6.925001E-07
9.299998E-01,1.449964E+00,9.354999E-07,1.449947E+00,1.403608E-06,1.449973E+00,7.017107E-07
9.330000E-01,1.449964E+00,9.526788E-07,1.449946E+00,1.429023E-06,1.449973E+00,7.145954E-07
9.359999E-01,1.449963E+00,9.731452E-07,1.449945E+00,1.459723E-06,1.449973E+00,7.298565E-07
9.390001E-01,1.449963E+00,9.990686E-07,1.449944E+00,1.498607E-06,1.449972E+00,7.492986E-07
9.420000E-01,1.449962E+00,1.030855E-06,1.449944E+00,1.546288E-06,1.449972E+00,7.731391E-07
9.450000E-01,1.449962E+00,1.069638E-06,1.449943E+00,1.604641E-06,1.449972E+00,8.023156E-07
9.480000E-01,1.449962E+00,1.112782E-06,1.449942E+00,1.669448E-06,1.449971E+00,8.345397E-07
9.510000E-01,1.449961E+00,1.161953E-06,1.449942E+00,1.742934E-06,1.449971E+00,8.714621E-07
9.540000E-01,1.449961E+00,1.213040E-06,1.449941E+00,1.819746E-06,1.449970E+00,9.098679E-07
9.570000E-01,1.449960E+00,1.268783E-06,1.449940E+00,1.903179E-06,1.449970E+00,9.515845E-07
9.600000E-01,1.449960E+00,1.326490E-06,1.449939E+00,1.989649E-06,1.449970E+00,9.948197E-07
9.630000E-01,1.449959E+00,1.389833E-06,1.449939E+00,2.084662E-06,1.449969E+00,1.042326E-06
9.660001E-01,1.449959E+00,1.458492E-06,1.449938E+00,2.187926E-06,1.449969E+00,1.093774E-06
9.690000E-01,1.449958E+00,1.536007E-06,1.449937E+00,2.304291E-06,1.449969E+00,1.152141E-06
9.719998E-01,1.449958E+00,1.622457E-06,1.449936E+00,2.433876E-06,1.449968E+00,1.216932E-06
9.750000E-01,1.449957E+00,1.714407E-06,1.449936E+00,2.571616E-06,1.449968E+00,1.285802E-06
9.780000E-01,1.449957E+00,1.810045E-06,1.449935E+00,2.714980E-06,1.449968E+00,1.357485E-06
9.809999E-01,1.449956E+00,1.902516E-06,1.449934E+00,2.853965E-06,1.449967E+00,1.426977E-06
9.840000E-01,1.449956E+00,1.990104E-06,1.449934E+00,2.985162E-06,1.449967E+00,1.492576E-06
9.870000E-01,1.449955E+00,2.071076E-06,1.449933E+00,3.106618E-06,1.449966E+00,1.553116E-06
9.899999E-01,1.449955E+00,2.145364E-06,1.449932E+00,3.218239E-06,1.449966E+00,1.609302E-06
9.930000E-01,1.449954E+00,2.216297E-06,1.449932E+00,3.324451E-06,1.449966E+00,1.662032E-06
9.960000E-01,1.449954E+00,2.281950E-06,1.449931E+00,3.422931E-06,1.449965E+00,1.711271E-06
9.990000E-01,1.449953E+00,2.344927E-06,1.449930E+00,3.517395E-06,1.449965E+00,1.758503E-06
1.002000E+00,1.449953E+00,2.401396E-06,1.449929E+00,3.602479E-06,1.449965E+00,1.801044E-06
1.005000E+00,1.449953E+00,2.459305E-06,1.449929E+00,3.688772E-06,1.449964E+00,1.844190E-06
1.008000E+00,1.449952E+00,2.507573E-06,1.449928E+00,3.760981E-06,1.449964E+00,1.880485E-06
1.011000E+00,1.449952E+00,2.544958E-06,1.449927E+00,3.817442E-06,1.449964E+00,1.908907E-06
1.014000E+00,1.449951E+00,2.574442E-06,1.449927E+00,3.861475E-06,1.449963E+00,1.930732E-06
1.017000E+00,1.449951E+00,2.593249E-06,1.449926E+00,3.890265E-06,1.449963E+00,1.944934E-06
1.020000E+00,1.449950E+00,2.604382E-06,1.449925E+00,3.906385E-06,1.449963E+00,1.953380E-06
1.023000E+00,1.449950E+00,2.609325E-06,1.449925E+00,3.913993E-06,1.449962E+00,1.956797E-06
1.026000E+00,1.449949E+00,2.612305E-06,1.449924E+00,3.918464E-06,1.449962E+00,1.959421E-06
1.029000E+00,1.449949E+00,2.610573E-06,1.449923E+00,3.915864E-06,1.449962E+00,1.957731E-06
1.032000E+00,1.449948E+00,2.600170E-06,1.449923E+00,3.900652E-06,1.449961E+00,1.950125E-06
1.035000E+00,1.449948E+00,2.582202E-06,1.449922E+00,3.873504E-06,1.449961E+00,1.936943E-06
1.038000E+00,1.449947E+00,2.559358E-06,1.449921E+00,3.839043E-06,1.449961E+00,1.919712E-06
1.041000E+00,1.449947E+00,2.528834E-06,1.449920E+00,3.793257E-06,1.449960E+00,1.896623E-06
1.044000E+00,1.449946E+00,2.477492E-06,1.449920E+00,3.715848E-06,1.449960E+00,1.857918E-06
1.047000E+00,1.449946E+00,2.413497E-06,1.449919E+00,3.620450E-06,1.449959E+00,1.810021E-06
1.050000E+00,1.449945E+00,2.335947E-06,1.449918E+00,3.504125E-06,1.449959E+00,1.751758E-06
1.053000E+00,1.449945E+00,2.255117E-06,1.449917E+00,3.383080E-06,1.449959E+00,1.691335E-06
1.056000E+00,1.449944E+00,2.177796E-06,1.449916E+00,3.266899E-06,1.449958E+00,1.633243E-06
1.059000E+00,1.449944E+00,2.099194E-06,1.449915E+00,3.148999E-06,1.449958E+00,1.574393E-06
1.062000E+00,1.449943E+00,2.022128E-06,1.449914E+00,3.033601E-06,1.449957E+00,1.516795E-06
1.065000E+00,1.449942E+00,1.951866E-06,1.449914E+00,2.928209E-06,1.449957E+00,1.463897E-06
1.068000E+00,1.449942E+00,1.891713E-06,1.449912E+00,2.837576E-06,1.449956E+00,1.418681E-06
1.071000E+00,1.449941E+00,1.842570E-06,1.449911E+00,2.763862E-06,1.449956E+00,1.381925E-06
1.074000E+00,1.449940E+00,1.799643E-06,1.449910E+00,2.699471E-06,1.449955E+00,1.349729E-06
1.077000E+00,1.449940E+00,1.763803E-06,1.449909E+00,2.646119E-06,1.449955E+00,1.322748E-06
1.080000E+00,1.449939E+00,1.737571E-06,1.449908E+00,2.606772E-06,1.449954E+00,1.303176E-06
1.083000E+00,1.449938E+00,1.721850E-06,1.449907E+00,2.582986E-06,1.449954E+00,1.291179E-06
1.086000E+00,1.449937E+00,1.717554E-06,1.449906E+00,2.576337E-06,1.449953E+00,1.288162E-06
1.089000E+00,1.449937E+00,1.724778E-06,1.449905E+00,2.587379E-06,1.449953E+00,1.293374E-06
1.092000E+00,1.449936E+00,1.738645E-06,1.449904E+00,2.608388E-06,1.449952E+00,1.304188E-06
1.095000E+00,1.449935E+00,1.759626E-06,1.449903E+00,2.639654E-06,1.449951E+00,1.319613E-06
1.098000E+00,1.449934E+00,1.791112E-06,1.449902E+00,2.686883E-06,1.449951E+00,1.343227E-06
1.101000E+00,1.449934E+00,1.831517E-06,1.449901E+00,2.746864E-06,1.449950E+00,1.373634E-06
1.104000E+00,1.449933E+00,1.877561E-06,1.449899E+00,2.816767E-06,1.449950E+00,1.408377E-06
1.107000E+00,1.449932E+00,1.929708E-06,1.449898E+00,2.894569E-06,1.449949E+00,1.447278E-06
1.110000E+00,1.449932E+00,1.985902E-06,1.449897E+00,2.979071E-06,1.449949E+00,1.489529E-06
1.113000E+00,1.449931E+00,2.043638E-06,1.449896E+00,3.065675E-06,1.449948E+00,1.532832E-06
1.116000E+00,1.449930E+00,2.101657E-06,1.449895E+00,3.153127E-06,1.449947E+00,1.576346E-06
1.119000E+00,1.449929E+00,2.159321E-06,1.449894E+00,3.238881E-06,1.449947E+00,1.619434E-06
1.122000E+00,1.449928E+00,2.215774E-06,1.449893E+00,3.323773E-06,1.449946E+00,1.661667E-06
1.125000E+00,1.449928E+00,2.270149E-06,1.449891E+00,3.405230E-06,1.449946E+00,1.702609E-06
1.128000E+00,1.449927E+00,2.325854E-06,1.449890E+00,3.489214E-06,1.449945E+00,1.744387E-06
1.131000E+00,1.449926E+00,2.386114E-06,1.449889E+00,3.579175E-06,1.449944E+00,1.789581E-06
1.134000E+00,1.449925E+00,2.456126E-06,1.449888E+00,3.684626E-06,1.449944E+00,1.842092E-06
1.137000E+00,1.449924E+00,2.539851E-06,1.449886E+00,3.809998E-06,1.449943E+00,1.904777E-06
1.140000E+00,1.449923E+00,2.639340E-06,1.449885E+00,3.959340E-06,1.449942E+00,1.979447E-06
1.143000E+00,1.449922E+00,2.756232E-06,1.449883E+00,4.135438E-06,1.449942E+00,2.067495E-06
1.146000E+00,1.449921E+00,2.899574E-06,1.449882E+00,4.349803E-06,1.449941E+00,2.174677E-06
1.149000E+00,1.449920E+00,3.074585E-06,1.449881E+00,4.612319E-06,1.449940E+00,2.305935E-06
1.152000E+00,1.449919E+00,3.286750E-06,1.449879E+00,4.930352E-06,1.449940E+00,2.464950E-06
1.155000E+00,1.449919E+00,3.539424E-06,1.449878E+00,5.309581E-06,1.449939E+00,2.654565E-06
1.158000E+00,1.449918E+00,3.832912E-06,1.449876E+00,5.749594E-06,1.449938E+00,2.874571E-06
1.161000E+00,1.449917E+00,4.156949E-06,1.449875E+00,6.235870E-06,1.449937E+00,3.117488E-06
1.164000E+00,1.449916E+00,4.506460E-06,1.449874E+00,6.759918E-06,1.449937E+00,3.379732E-06
1.167000E+00,1.449915E+00,4.874102E-06,1.449872E+00,7.311381E-06,1.449936E+00,3.655462E-06
1.170000E+00,1.449914E+00,5.248012E-06,1.449871E+00,7.872692E-06,1.449936E+00,3.936117E-06
1.173000E+00,1.449913E+00,5.625558E-06,1.449870E+00,8.439457E-06,1.449935E+00,4.219054E-06
1.176000E+00,1.449912E+00,6.000057E-06,1.449869E+00,9.000092E-06,1.449934E+00,4.499370E-06
1.179000E+00,1.449912E+00,6.366103E-06,1.449867E+00,9.549158E-06,1.449934E+00,4.774351E-06
1.182000E+00,1.449911E+00,6.718686E-06,1.449866E+00,1.007938E-05,1.449933E+00,5.039012E-06
1.185000E+00,1.449910E+00,7.054540E-06,1.449865E+00,1.058339E-05,1.449933E+00,5.291015E-06
1.188000E+00,1.449910E+00,7.373526E-06,1.449864E+00,1.106097E-05,1.449932E+00,5.529803E-06
1.191000E+00,1.449909E+00,7.668725E-06,1.449863E+00,1.150468E-05,1.449932E+00,5.751652E-06
1.194000E+00,1.449908E+00,7.950820E-06,1.449862E+00,1.192782E-05,1.449931E+00,5.962772E-06
1.197000E+00,1.449907E+00,8.235141E-06,1.449861E+00,1.235295E-05,1.449931E+00,6.175786E-06
1.200000E+00,1.449907E+00,8.523523E-06,1.449860E+00,1.278643E-05,1.449930E+00,6.392524E-06
1.203000E+00,1.449906E+00,8.807764E-06,1.449859E+00,1.321279E-05,1.449929E+00,6.605705E-06
1.206000E+00,1.449905E+00,9.089197E-06,1.449858E+00,1.363380E-05,1.449929E+00,6.816208E-06
1.209000E+00,1.449904E+00,9.365500E-06,1.449857E+00,1.404940E-05,1.449928E+00,7.024006E-06
1.212000E+00,1.449904E+00,9.630642E-06,1.449856E+00,1.444574E-05,1.449928E+00,7.222634E-06
1.215000E+00,1.449903E+00,9.877622E-06,1.449854E+00,1.481806E-05,1.449927E+00,7.408329E-06
1.218000E+00,1.449902E+00,1.009982E-05,1.449853E+00,1.515043E-05,1.449927E+00,7.574515E-06
1.221000E+00,1.449902E+00,1.029427E-05,1.449852E+00,1.544164E-05,1.449926E+00,7.720119E-06
1.224000E+00,1.449901E+00,1.046911E-05,1.449851E+00,1.570530E-05,1.449926E+00,7.851483E-06
1.227000E+00,1.449900E+00,1.062514E-05,1.449850E+00,1.593841E-05,1.449925E+00,7.968501E-06
1.230000E+00,1.449899E+00,1.076686E-05,1.449849E+00,1.615287E-05,1.449925E+00,8.075261E-06
1.233000E+00,1.449899E+00,1.089606E-05,1.449848E+00,1.634573E-05,1.449924E+00,8.171219E-06
1.236000E+00,1.449898E+00,1.101543E-05,1.449847E+00,1.652432E-05,1.449924E+00,8.261450E-06
1.239000E+00,1.449897E+00,1.112397E-05,1.449846E+00,1.668666E-05,1.449923E+00,8.342621E-06
1.242000E+00,1.449896E+00,1.122254E-05,1.449844E+00,1.683451E-05,1.449922E+00,8.416546E-06
1.245000E+00,1.449896E+00,1.131105E-05,1.449843E+00,1.696777E-05,1.449922E+00,8.483173E-06
1.248000E+00,1.449895E+00,1.138946E-05,1.449842E+00,1.708633E-05,1.449921E+00,8.541973E-06
1.251000E+00,1.449894E+00,1.145576E-05,1.449841E+00,1.718436E-05,1.449920E+00,8.591463E-06
1.254000E+00,1.449893E+00,1.151559E-05,1.449839E+00,1.727315E-05,1.449920E+00,8.635856E-06
1.257000E+00,1.449892E+00,1.156794E-05,1.449838E+00,1.735454E-05,1.449919E+00,8.675595E-06
1.260000E+00,1.449891E+00,1.161085E-05,1.449837E+00,1.741891E-05,1.449918E+00,8.707776E-06
1.263000E+00,1.449890E+00,1.164808E-05,1.449835E+00,1.747380E-05,1.449918E+00,8.735698E-06
1.266000E+00,1.449889E+00,1.167863E-05,1.449834E+00,1.751916E-05,1.449917E+00,8.757888E-06
1.269000E+00,1.449888E+00,1.170149E-05,1.449832E+00,1.755297E-05,1.449916E+00,8.775753E-06
1.272000E+00,1.449887E+00,1.172722E-05,1.449831E+00,1.759253E-05,1.449915E+00,8.794568E-06
1.275000E+00,1.449886E+00,1.175488E-05,1.449829E+00,1.763402E-05,1.449915E+00,8.816277E-06
1.278000E+00,1.449885E+00,1.178642E-05,1.449828E+00,1.768133E-05,1.449914E+00,8.839447E-06
1.281000E+00,1.449884E+00,1.181797E-05,1.449826E+00,1.772866E-05,1.449913E+00,8.863599E-06
1.284000E+00,1.449883E+00,1.184176E-05,1.449824E+00,1.776434E-05,1.449912E+00,8.880947E-06
1.287000E+00,1.449882E+00,1.186356E-05,1.449823E+00,1.779607E-05,1.449911E+00,8.897301E-06
1.290000E+00,1.449881E+00,1.187653E-05,1.449821E+00,1.781602E-05,1.449910E+00,8.906782E-06
1.293000E+00,1.449879E+00,1.187471E-05,1.449819E+00,1.781330E-05,1.449910E+00,8.905417E-06
1.296000E+00,1.449878E+00,1.186292E-05,1.449817E+00,1.779463E-05,1.449909E+00,8.896573E-06
1.299000E+00,1.449877E+00,1.184602E-05,1.449815E+00,1.777175E-05,1.449908E+00,8.884636E-06
1.302000E+00,1.449875E+00,1.183187E-05,1.449813E+00,1.774955E-05,1.449907E+00,8.873536E-06
1.305000E+00,1.449874E+00,1.181656E-05,1.449811E+00,1.772707E-05,1.449906E+00,8.862289E-06
1.308000E+00,1.449873E+00,1.181294E-05,1.449809E+00,1.772116E-05,1.449904E+00,8.858838E-06
1.311000E+00,1.449871E+00,1.182611E-05,1.449807E+00,1.774191E-05,1.449903E+00,8.869208E-06
1.314000E+00,1.449870E+00,1.187113E-05,1.449804E+00,1.780844E-05,1.449902E+00,8.902468E-06
1.317000E+00,1.449868E+00,1.195220E-05,1.449802E+00,1.792905E-05,1.449901E+00,8.963771E-06
1.320000E+00,1.449866E+00,1.207760E-05,1.449799E+00,1.811815E-05,1.449900E+00,9.058319E-06
1.323000E+00,1.449864E+00,1.225263E-05,1.449797E+00,1.838022E-05,1.449898E+00,9.188345E-06
1.326000E+00,1.449863E+00,1.246860E-05,1.449794E+00,1.870567E-05,1.449897E+00,9.351069E-06
1.329000E+00,1.449861E+00,1.272878E-05,1.449791E+00,1.909494E-05,1.449896E+00,9.545702E-06
1.332000E+00,1.449859E+00,1.303853E-05,1.449788E+00,1.956058E-05,1.449894E+00,9.778520E-06
1.335000E+00,1.449857E+00,1.347924E-05,1.449785E+00,2.022063E-05,1.449893E+00,1.010854E-05
1.338000E+00,1.449855E+00,1.398169E-05,1.449782E+00,2.097686E-05,1.449891E+00,1.048563E-05
1.341000E+00,1.449853E+00,1.453919E-05,1.449780E+00,2.181361E-05,1.449890E+00,1.090502E-05
1.344000E+00,1.449851E+00,1.514289E-05,1.449777E+00,2.271715E-05,1.449888E+00,1.135679E-05
1.347000E+00,1.449849E+00,1.580026E-05,1.449774E+00,2.370423E-05,1.449887E+00,1.185032E-05
1.350000E+00,1.449847E+00,1.650958E-05,1.449771E+00,2.476720E-05,1.449886E+00,1.238180E-05
1.353000E+00,1.449846E+00,1.724859E-05,1.449768E+00,2.587778E-05,1.449884E+00,1.293606E-05
1.356000E+00,1.449844E+00,1.800513E-05,1.449765E+00,2.700951E-05,1.449883E+00,1.350192E-05
1.359000E+00,1.449842E+00,1.875763E-05,1.449763E+00,2.813775E-05,1.449881E+00,1.406706E-05
1.362000E+00,1.449840E+00,1.948020E-05,1.449760E+00,2.922521E-05,1.449880E+00,1.460975E-05
1.365000E+00,1.449838E+00,2.014465E-05,1.449757E+00,3.022190E-05,1.449879E+00,1.510809E-05
1.368000E+00,1.449836E+00,2.073501E-05,1.449755E+00,3.110847E-05,1.449877E+00,1.555035E-05
1.371000E+00,1.449834E+00,2.126117E-05,1.449752E+00,3.189461E-05,1.449876E+00,1.594444E-05
1.374000E+00,1.449832E+00,2.175398E-05,1.449749E+00,3.263593E-05,1.449874E+00,1.631508E-05
1.377000E+00,1.449830E+00,2.225501E-05,1.449745E+00,3.338644E-05,1.449873E+00,1.668929E-05
1.380000E+00,1.449828E+00,2.277058E-05,1.449742E+00,3.416085E-05,1.449871E+00,1.707754E-05
1.383000E+00,1.449826E+00,2.332178E-05,1.449738E+00,3.498660E-05,1.449869E+00,1.749041E-05
1.386000E+00,1.449823E+00,2.391090E-05,1.449734E+00,3.587031E-05,1.449867E+00,1.793225E-05
1.389000E+00,1.449820E+00,2.452135E-05,1.449730E+00,3.678703E-05,1.449865E+00,1.839061E-05
1.392000E+00,1.449817E+00,2.515744E-05,1.449726E+00,3.774117E-05,1.449863E+00,1.886767E-05
1.395000E+00,1.449814E+00,2.585109E-05,1.449721E+00,3.877954E-05,1.449861E+00,1.938685E-05
1.398000E+00,1.449811E+00,2.664935E-05,1.449716E+00,3.997906E-05,1.449858E+00,1.998660E-05
1.401000E+00,1.449807E+00,2.762090E-05,1.449711E+00,4.143853E-05,1.449856E+00,2.071421E-05
1.404000E+00,1.449803E+00,2.893733E-05,1.449705E+00,4.341533E-05,1.449853E+00,2.170047E-05
1.407000E+00,1.449799E+00,3.063500E-05,1.449699E+00,4.595971E-05,1.449849E+00,2.297691E-05
1.410000E+00,1.449795E+00,3.272485E-05,1.449692E+00,4.909665E-05,1.449846E+00,2.454110E-05
1.413000E+00,1.449790E+00,3.523511E-05,1.449686E+00,5.285990E-05,1.449843E+00,2.642485E-05
1.416000E+00,1.449786E+00,3.818985E-05,1.449679E+00,5.729204E-05,1.449840E+00,2.863876E-05
1.419000E+00,1.449781E+00,4.161772E-05,1.449672E+00,6.244031E-05,1.449836E+00,3.121073E-05
1.422000E+00,1.449777E+00,4.568996E-05,1.449665E+00,6.854224E-05,1.449833E+00,3.426383E-05
1.425000E+00,1.449773E+00,5.042787E-05,1.449659E+00,7.565128E-05,1.449829E+00,3.781833E-05
1.428000E+00,1.449768E+00,5.568817E-05,1.449653E+00,8.354393E-05,1.449826E+00,4.176030E-05
1.431000E+00,1.449764E+00,6.160869E-05,1.449647E+00,9.242470E-05,1.449823E+00,4.620068E-05
1.434000E+00,1.449761E+00,6.842417E-05,1.449642E+00,1.026566E-04,1.449821E+00,5.130791E-05
1.437000E+00,1.449759E+00,7.559912E-05,1.449638E+00,1.134279E-04,1.449819E+00,5.669347E-05
1.440000E+00,1.449757E+00,8.298705E-05,1.449635E+00,1.244967E-04,1.449818E+00,6.223222E-05
1.443000E+00,1.449756E+00,9.053650E-05,1.449633E+00,1.358209E-04,1.449817E+00,6.789866E-05
1.446000E+00,1.449755E+00,9.854678E-05,1.449632E+00,1.478495E-04,1.449816E+00,7.390419E-05
1.449000E+00,1.449755E+00,1.070646E-04,1.449633E+00,1.606307E-04,1.449817E+00,8.029474E-05
1.452000E+00,1.449757E+00,1.152995E-04,1.449636E+00,1.729698E-04,1.449818E+00,8.646426E-05
1.455000E+00,1.449760E+00,1.227989E-04,1.449640E+00,1.842279E-04,1.449820E+00,9.208442E-05
1.458000E+00,1.449764E+00,1.291422E-04,1.449645E+00,1.937252E-04,1.449823E+00,9.684183E-05
1.461000E+00,1.449767E+00,1.344284E-04,1.449651E+00,2.016811E-04,1.449825E+00,1.008109E-04
1.464000E+00,1.449770E+00,1.394508E-04,1.449656E+00,2.092236E-04,1.449828E+00,1.045910E-04
1.467000E+00,1.449774E+00,1.442965E-04,1.449661E+00,2.164748E-04,1.449830E+00,1.082076E-04
1.470000E+00,1.449777E+00,1.490540E-04,1.449666E+00,2.236109E-04,1.449833E+00,1.117845E-04
1.473000E+00,1.449781E+00,1.536686E-04,1.449672E+00,2.305598E-04,1.449836E+00,1.152500E-04
1.476000E+00,1.449785E+00,1.580500E-04,1.449678E+00,2.371230E-04,1.449839E+00,1.185315E-04
1.479000E+00,1.449789E+00,1.621425E-04,1.449684E+00,2.432798E-04,1.449842E+00,1.216098E-04
1.482000E+00,1.449794E+00,1.659625E-04,1.449691E+00,2.489559E-04,1.449846E+00,1.244479E-04
1.485000E+00,1.449799E+00,1.695442E-04,1.449698E+00,2.543644E-04,1.449849E+00,1.271520E-04
1.488000E+00,1.449804E+00,1.729401E-04,1.449706E+00,2.594314E-04,1.449853E+00,1.297036E-04
1.491000E+00,1.449810E+00,1.758324E-04,1.449715E+00,2.637926E-04,1.449858E+00,1.318660E-04
1.494000E+00,1.449816E+00,1.779006E-04,1.449725E+00,2.668994E-04,1.449862E+00,1.334193E-04
1.497000E+00,1.449823E+00,1.789485E-04,1.449735E+00,2.684350E-04,1.449867E+00,1.341963E-04
1.500000E+00,1.449830E+00,1.789064E-04,1.449744E+00,2.683901E-04,1.449872E+00,1.341737E-04
1.503000E+00,1.449836E+00,1.779685E-04,1.449754E+00,2.669741E-04,1.449877E+00,1.334748E-04
1.506000E+00,1.449842E+00,1.761659E-04,1.449763E+00,2.642886E-04,1.449881E+00,1.321229E-04
1.509000E+00,1.449847E+00,1.734936E-04,1.449770E+00,2.602710E-04,1.449885E+00,1.301048E-04
1.512000E+00,1.449852E+00,1.701299E-04,1.449777E+00,2.552439E-04,1.449889E+00,1.275913E-04
1.515000E+00,1.449855E+00,1.664388E-04,1.449782E+00,2.496797E-04,1.449891E+00,1.248274E-04
1.518000E+00,1.449858E+00,1.627133E-04,1.449786E+00,2.440916E-04,1.449893E+00,1.220334E-04
1.521000E+00,1.449859E+00,1.591749E-04,1.449789E+00,2.387563E-04,1.449895E+00,1.193750E-04
1.524000E+00,1.449861E+00,1.558618E-04,1.449791E+00,2.338052E-04,1.449896E+00,1.168902E-04
1.527000E+00,1.449862E+00,1.527014E-04,1.449793E+00,2.290738E-04,1.449896E+00,1.145152E-04
1.530000E+00,1.449862E+00,1.496389E-04,1.449793E+00,2.244707E-04,1.449897E+00,1.122136E-04
1.533000E+00,1.449862E+00,1.466561E-04,1.449794E+00,2.199967E-04,1.449897E+00,1.099858E-04
1.536000E+00,1.449862E+00,1.438285E-04,1.449793E+00,2.157832E-04,1.449897E+00,1.078697E-04
1.539000E+00,1.449861E+00,1.413623E-04,1.449792E+00,2.120747E-04,1.449896E+00,1.060155E-04
1.542000E+00,1.449860E+00,1.394098E-04,1.449791E+00,2.091554E-04,1.449895E+00,1.045557E-04
1.545000E+00,1.449859E+00,1.378238E-04,1.449789E+00,2.067482E-04,1.449895E+00,1.033615E-04
1.548000E+00,1.449858E+00,1.365313E-04,1.449787E+00,2.048376E-04,1.449894E+00,1.023968E-04
1.551000E+00,1.449857E+00,1.354493E-04,1.449785E+00,2.032007E-04,1.449893E+00,1.015877E-04
1.554000E+00,1.449856E+00,1.345036E-04,1.449784E+00,2.018011E-04,1.449892E+00,1.008784E-04
1.557000E+00,1.449855E+00,1.336195E-04,1.449782E+00,2.004514E-04,1.449891E+00,1.002035E-04
1.560000E+00,1.449854E+00,1.327215E-04,1.449780E+00,1.990950E-04,1.449890E+00,9.953473E-05
1.563000E+00,1.449852E+00,1.318380E-04,1.449778E+00,1.977888E-04,1.449889E+00,9.887211E-05
1.566000E+00,1.449850E+00,1.311213E-04,1.449775E+00,1.967041E-04,1.449888E+00,9.833930E-05
1.569000E+00,1.449848E+00,1.306866E-04,1.449772E+00,1.960523E-04,1.449886E+00,9.800378E-05
1.572000E+00,1.449846E+00,1.306120E-04,1.449769E+00,1.959499E-04,1.449884E+00,9.795257E-05
1.575000E+00,1.449843E+00,1.310333E-04,1.449765E+00,1.965725E-04,1.449883E+00,9.827338E-05
1.578000E+00,1.449841E+00,1.320110E-04,1.449761E+00,1.980390E-04,1.449881E+00,9.900665E-05
1.581000E+00,1.449838E+00,1.335578E-04,1.449758E+00,2.003544E-04,1.449879E+00,1.001643E-04
1.584000E+00,1.449836E+00,1.357635E-04,1.449754E+00,2.036774E-04,1.449877E+00,1.018162E-04
1.587000E+00,1.449834E+00,1.385932E-04,1.449751E+00,2.079171E-04,1.449876E+00,1.039360E-04
1.590000E+00,1.449833E+00,1.419153E-04,1.449749E+00,2.129052E-04,1.449875E+00,1.064396E-04
1.593000E+00,1.449832E+00,1.455680E-04,1.449748E+00,2.183940E-04,1.449874E+00,1.091647E-04
1.596000E+00,1.449832E+00,1.493692E-04,1.449749E+00,2.240765E-04,1.449874E+00,1.120252E-04
1.599000E+00,1.449834E+00,1.529700E-04,1.449750E+00,2.294875E-04,1.449875E+00,1.147210E-04
1.602000E+00,1.449835E+00,1.559803E-04,1.449752E+00,2.339836E-04,1.449876E+00,1.169787E-04
1.605000E+00,1.449837E+00,1.584941E-04,1.449755E+00,2.377543E-04,1.449878E+00,1.188543E-04
1.608000E+00,1.449839E+00,1.607039E-04,1.449758E+00,2.410689E-04,1.449879E+00,1.205213E-04
1.611000E+00,1.449841E+00,1.627447E-04,1.449761E+00,2.441594E-04,1.449881E+00,1.220568E-04
1.614000E+00,1.449843E+00,1.646742E-04,1.449765E+00,2.470247E-04,1.449883E+00,1.234992E-04
1.617000E+00,1.449846E+00,1.661781E-04,1.449769E+00,2.492901E-04,1.449885E+00,1.246319E-04
1.620000E+00,1.449849E+00,1.670963E-04,1.449774E+00,2.506575E-04,1.449887E+00,1.253155E-04
1.623000E+00,1.449852E+00,1.672480E-04,1.449778E+00,2.508852E-04,1.449889E+00,1.254294E-04
1.626000E+00,1.449855E+00,1.667477E-04,1.449782E+00,2.501249E-04,1.449891E+00,1.250492E-04
1.629000E+00,1.449857E+00,1.659278E-04,1.449785E+00,2.489249E-04,1.449893E+00,1.244491E-04
1.632000E+00,1.449859E+00,1.651435E-04,1.449788E+00,2.477584E-04,1.449894E+00,1.238559E-04
1.635000E+00,1.449860E+00,1.646728E-04,1.449790E+00,2.470225E-04,1.449895E+00,1.234979E-04
1.638000E+00,1.449861E+00,1.645474E-04,1.449792E+00,2.468394E-04,1.449896E+00,1.234063E-04
1.641000E+00,1.449862E+00,1.646992E-04,1.449794E+00,2.470724E-04,1.449897E+00,1.235228E-04
1.644000E+00,1.449864E+00,1.650003E-04,1.449796E+00,2.475040E-04,1.449898E+00,1.237386E-04
1.647000E+00,1.449867E+00,1.652215E-04,1.449800E+00,2.478757E-04,1.449900E+00,1.239144E-04
1.650000E+00,1.449869E+00,1.651418E-04,1.449803E+00,2.477261E-04,1.449902E+00,1.238496E-04
1.653000E+00,1.449872E+00,1.645589E-04,1.449808E+00,2.468919E-04,1.449904E+00,1.234224E-04
1.656000E+00,1.449875E+00,1.633696E-04,1.449812E+00,2.450879E-04,1.449906E+00,1.225204E-04
1.659000E+00,1.449878E+00,1.614496E-04,1.449817E+00,2.421880E-04,1.449908E+00,1.210805E-04
1.662000E+00,1.449881E+00,1.588557E-04,1.449821E+00,2.382871E-04,1.449911E+00,1.191401E-04
1.665000E+00,1.449883E+00,1.557460E-04,1.449824E+00,2.336427E-04,1.449912E+00,1.168078E-04
1.668000E+00,1.449884E+00,1.525025E-04,1.449826E+00,2.287775E-04,1.449913E+00,1.143853E-04
1.671000E+00,1.449885E+00,1.492869E-04,1.449828E+00,2.239338E-04,1.449914E+00,1.119533E-04
1.674000E+00,1.449886E+00,1.459673E-04,1.449829E+00,2.189697E-04,1.449915E+00,1.094712E-04
1.677000E+00,1.449887E+00,1.426552E-04,1.449830E+00,2.139863E-04,1.449915E+00,1.069795E-04
1.680000E+00,1.449887E+00,1.392793E-04,1.449830E+00,2.089429E-04,1.449915E+00,1.044475E-04
1.683000E+00,1.449887E+00,1.359314E-04,1.449830E+00,2.039211E-04,1.449915E+00,1.019468E-04
1.686000E+00,1.449886E+00,1.326115E-04,1.449829E+00,1.989208E-04,1.449915E+00,9.944664E-05
1.689000E+00,1.449886E+00,1.293200E-04,1.449828E+00,1.940040E-04,1.449914E+00,9.698823E-05
1.692000E+00,1.449885E+00,1.261290E-04,1.449827E+00,1.892124E-04,1.449914E+00,9.459238E-05
1.695000E+00,1.449883E+00,1.230493E-04,1.449825E+00,1.845877E-04,1.449913E+00,9.229034E-05
1.698000E+00,1.449882E+00,1.201022E-04,1.449823E+00,1.801517E-04,1.449911E+00,9.006201E-05
1.701000E+00,1.449880E+00,1.172886E-04,1.449820E+00,1.759466E-04,1.449910E+00,8.795947E-05
1.704000E+00,1.449878E+00,1.146608E-04,1.449817E+00,1.720154E-04,1.449909E+00,8.599381E-05
1.707000E+00,1.449876E+00,1.122200E-04,1.449814E+00,1.683387E-04,1.449907E+00,8.416577E-05
1.710000E+00,1.449874E+00,1.101540E-04,1.449811E+00,1.652500E-04,1.449906E+00,8.261109E-05
1.713000E+00,1.449872E+00,1.082152E-04,1.449808E+00,1.623368E-04,1.449904E+00,8.115441E-05
1.716000E+00,1.449870E+00,1.063836E-04,1.449805E+00,1.595789E-04,1.449902E+00,7.978068E-05
1.719000E+00,1.449868E+00,1.045971E-04,1.449801E+00,1.569149E-04,1.449901E+00,7.844340E-05
1.722000E+00,1.449866E+00,1.028351E-04,1.449798E+00,1.542615E-04,1.449899E+00,7.711666E-05
1.725000E+00,1.449863E+00,1.010453E-04,1.449795E+00,1.515768E-04,1.449898E+00,7.577432E-05
1.728000E+00,1.449861E+00,9.922775E-05,1.449792E+00,1.488610E-04,1.449896E+00,7.441639E-05
1.731000E+00,1.449859E+00,9.743480E-05,1.449788E+00,1.461769E-04,1.449894E+00,7.307954E-05
1.734000E+00,1.449856E+00,9.570870E-05,1.449784E+00,1.435877E-04,1.449892E+00,7.177972E-05
1.737000E+00,1.449854E+00,9.407098E-05,1.449780E+00,1.411154E-04,1.449890E+00,7.054877E-05
1.740000E+00,1.449851E+00,9.254322E-05,1.449776E+00,1.388237E-04,1.449888E+00,6.940296E-05
1.743000E+00,1.449848E+00,9.111546E-05,1.449772E+00,1.366927E-04,1.449886E+00,6.832682E-05
1.746000E+00,1.449845E+00,8.978824E-05,1.449768E+00,1.347019E-04,1.449884E+00,6.733668E-05
1.749000E+00,1.449842E+00,8.857272E-05,1.449763E+00,1.328627E-04,1.449882E+00,6.642239E-05
1.752000E+00,1.449839E+00,8.744823E-05,1.449759E+00,1.311866E-04,1.449879E+00,6.558433E-05
1.755000E+00,1.449836E+00,8.645257E-05,1.449754E+00,1.296851E-04,1.449877E+00,6.483359E-05
1.758000E+00,1.449833E+00,8.562374E-05,1.449749E+00,1.284553E-04,1.449875E+00,6.421330E-05
1.761000E+00,1.449829E+00,8.500008E-05,1.449744E+00,1.275198E-04,1.449872E+00,6.374555E-05
1.764000E+00,1.449826E+00,8.455584E-05,1.449739E+00,1.268482E-04,1.449870E+00,6.340969E-05
1.767000E+00,1.449823E+00,8.428128E-05,1.449735E+00,1.264417E-04,1.449867E+00,6.321178E-05
1.770000E+00,1.449820E+00,8.413421E-05,1.449731E+00,1.262265E-04,1.449865E+00,6.309344E-05
1.773000E+00,1.449818E+00,8.398618E-05,1.449727E+00,1.259991E-04,1.449863E+00,6.298508E-05
1.776000E+00,1.449815E+00,8.369159E-05,1.449723E+00,1.255438E-04,1.449862E+00,6.276280E-05
1.779000E+00,1.449813E+00,8.310392E-05,1.449720E+00,1.246650E-04,1.449860E+00,6.232337E-05
1.782000E+00,1.449811E+00,8.216217E-05,1.449716E+00,1.232524E-04,1.449858E+00,6.161706E-05
1.785000E+00,1.449808E+00,8.089166E-05,1.449712E+00,1.213575E-04,1.449856E+00,6.066960E-05
1.788000E+00,1.449805E+00,7.945359E-05,1.449708E+00,1.192058E-04,1.449854E+00,5.958291E-05
1.791000E+00,1.449803E+00,7.774926E-05,1.449704E+00,1.166440E-04,1.449852E+00,5.830737E-05
1.794000E+00,1.449799E+00,7.606057E-05,1.449699E+00,1.141055E-04,1.449849E+00,5.704356E-05
1.797000E+00,1.449795E+00,7.410941E-05,1.449693E+00,1.111870E-04,1.449846E+00,5.557881E-05
1.800000E+00,1.449791E+00,7.282886E-05,1.449686E+00,1.092635E-04,1.449843E+00,5.462250E-05
1.803000E+00,1.449787E+00,7.157100E-05,1.449680E+00,1.073712E-04,1.449840E+00,5.367362E-05
1.806000E+00,1.449782E+00,7.030855E-05,1.449673E+00,1.054721E-04,1.449837E+00,5.272679E-05
1.809000E+00,1.449777E+00,6.925568E-05,1.449666E+00,1.039010E-04,1.449833E+00,5.193574E-05
1.812000E+00,1.449772E+00,6.828692E-05,1.449659E+00,1.024452E-04,1.449829E+00,5.120779E-05
1.815000E+00,1.449767E+00,6.734214E-05,1.449651E+00,1.010335E-04,1.449826E+00,5.050469E-05
1.818000E+00,1.449762E+00,6.654836E-05,1.449643E+00,9.984842E-05,1.449822E+00,4.990936E-05
1.821000E+00,1.449757E+00,6.585112E-05,1.449635E+00,9.879707E-05,1.449818E+00,4.938367E-05
1.824000E+00,1.449751E+00,6.529517E-05,1.449626E+00,9.796318E-05,1.449813E+00,4.896670E-05
1.827000E+00,1.449745E+00,6.499216E-05,1.449617E+00,9.750315E-05,1.449809E+00,4.874220E-05
1.830000E+00,1.449739E+00,6.487112E-05,1.449608E+00,9.732994E-05,1.449804E+00,4.865003E-05
1.833000E+00,1.449732E+00,6.486061E-05,1.449598E+00,9.731143E-05,1.449799E+00,4.864074E-05
1.836000E+00,1.449726E+00,6.501692E-05,1.449588E+00,9.754874E-05,1.449794E+00,4.875938E-05
1.839000E+00,1.449719E+00,6.537437E-05,1.449578E+00,9.809330E-05,1.449789E+00,4.902884E-05
1.842000E+00,1.449711E+00,6.601221E-05,1.449567E+00,9.904176E-05,1.449784E+00,4.950584E-05
1.845000E+00,1.449704E+00,6.694863E-05,1.449556E+00,1.004464E-04,1.449778E+00,5.020814E-05
1.848000E+00,1.449696E+00,6.813458E-05,1.449544E+00,1.022254E-04,1.449772E+00,5.109198E-05
1.851000E+00,1.449688E+00,6.973982E-05,1.449532E+00,1.046389E-04,1.449766E+00,5.229870E-05
1.854000E+00,1.449680E+00,7.167068E-05,1.449520E+00,1.075212E-04,1.449760E+00,5.374545E-05
1.857000E+00,1.449672E+00,7.392877E-05,1.449507E+00,1.109196E-04,1.449754E+00,5.543901E-05
1.860000E+00,1.449663E+00,7.674712E-05,1.449494E+00,1.151528E-04,1.449747E+00,5.755556E-05
1.863000E+00,1.449654E+00,8.013969E-05,1.449481E+00,1.202473E-04,1.449741E+00,6.010280E-05
1.866000E+00,1.449645E+00,8.381466E-05,1.449467E+00,1.257543E-04,1.449734E+00,6.285055E-05
1.869000E+00,1.449636E+00,8.818189E-05,1.449453E+00,1.323108E-04,1.449727E+00,6.612311E-05
1.872000E+00,1.449626E+00,9.318780E-05,1.449440E+00,1.398083E-04,1.449720E+00,6.987752E-05
1.875000E+00,1.449617E+00,9.848249E-05,1.449426E+00,1.477732E-04,1.449713E+00,7.384852E-05
1.878000E+00,1.449608E+00,1.042839E-04,1.449412E+00,1.564697E-04,1.449706E+00,7.819672E-05
1.881000E+00,1.449598E+00,1.106630E-04,1.449397E+00,1.660383E-04,1.449699E+00,8.298098E-05
1.884000E+00,1.449588E+00,1.174050E-04,1.449382E+00,1.761629E-04,1.449691E+00,8.803747E-05
1.887000E+00,1.449578E+00,1.250615E-04,1.449366E+00,1.876478E-04,1.449683E+00,9.377410E-05
1.890000E+00,1.449567E+00,1.346924E-04,1.449351E+00,2.021057E-04,1.449676E+00,1.010030E-04
1.893000E+00,1.449558E+00,1.446866E-04,1.449336E+00,2.170913E-04,1.449668E+00,1.084957E-04
1.896000E+00,1.449548E+00,1.556902E-04,1.449321E+00,2.335969E-04,1.449661E+00,1.167369E-04
1.899000E+00,1.449538E+00,1.681576E-04,1.449306E+00,2.523211E-04,1.449653E+00,1.260989E-04
1.902000E+00,1.449528E+00,1.818298E-04,1.449292E+00,2.728122E-04,1.449646E+00,1.363444E-04
1.905000E+00,1.449520E+00,1.970478E-04,1.449280E+00,2.956800E-04,1.449640E+00,1.477550E-04
1.908000E+00,1.449513E+00,2.139927E-04,1.449269E+00,3.211205E-04,1.449635E+00,1.604751E-04
1.911000E+00,1.449507E+00,2.309665E-04,1.449260E+00,3.465931E-04,1.449630E+00,1.731881E-04
1.914000E+00,1.449502E+00,2.478997E-04,1.449252E+00,3.719581E-04,1.449626E+00,1.858938E-04
1.917000E+00,1.449497E+00,2.667703E-04,1.449246E+00,4.003339E-04,1.449623E+00,2.000582E-04
1.920000E+00,1.449494E+00,2.861649E-04,1.449241E+00,4.294028E-04,1.449621E+00,2.145925E-04
1.923000E+00,1.449492E+00,3.066929E-04,1.449238E+00,4.601952E-04,1.449619E+00,2.299651E-04
1.926000E+00,1.449492E+00,3.302772E-04,1.449238E+00,4.956185E-04,1.449619E+00,2.476767E-04
1.929000E+00,1.449495E+00,3.538396E-04,1.449243E+00,5.309625E-04,1.449622E+00,2.653250E-04
1.932000E+00,1.449501E+00,3.762069E-04,1.449252E+00,5.644434E-04,1.449626E+00,2.820886E-04
1.935000E+00,1.449510E+00,3.990180E-04,1.449264E+00,5.986836E-04,1.449632E+00,2.992086E-04
1.938000E+00,1.449521E+00,4.208624E-04,1.449282E+00,6.314273E-04,1.449641E+00,3.155801E-04
1.941000E+00,1.449535E+00,4.405101E-04,1.449303E+00,6.608754E-04,1.449651E+00,3.303039E-04
1.944000E+00,1.449551E+00,4.580449E-04,1.449326E+00,6.872957E-04,1.449663E+00,3.435140E-04
1.947000E+00,1.449569E+00,4.737877E-04,1.449354E+00,7.108628E-04,1.449677E+00,3.552974E-04
1.950000E+00,1.449589E+00,4.850306E-04,1.449383E+00,7.277749E-04,1.449692E+00,3.637532E-04
1.953000E+00,1.449608E+00,4.930808E-04,1.449412E+00,7.397082E-04,1.449706E+00,3.697671E-04
1.956000E+00,1.449626E+00,4.983032E-04,1.449440E+00,7.474948E-04,1.449720E+00,3.736601E-04
1.959000E+00,1.449644E+00,5.009705E-04,1.449466E+00,7.515907E-04,1.449733E+00,3.757080E-04
1.962000E+00,1.449659E+00,5.018329E-04,1.449489E+00,7.528369E-04,1.449745E+00,3.763310E-04
1.965000E+00,1.449673E+00,5.016937E-04,1.449510E+00,7.526519E-04,1.449755E+00,3.762384E-04
1.968000E+00,1.449686E+00,5.017426E-04,1.449528E+00,7.527495E-04,1.449764E+00,3.762871E-04
1.971000E+00,1.449697E+00,5.011672E-04,1.449546E+00,7.518868E-04,1.449773E+00,3.758555E-04
1.974000E+00,1.449708E+00,4.997250E-04,1.449561E+00,7.497714E-04,1.449781E+00,3.747977E-04
1.977000E+00,1.449717E+00,4.986600E-04,1.449575E+00,7.481262E-04,1.449788E+00,3.739749E-04
1.980000E+00,1.449725E+00,4.983588E-04,1.449588E+00,7.477227E-04,1.449794E+00,3.737249E-04
1.983000E+00,1.449733E+00,4.980544E-04,1.449600E+00,7.472183E-04,1.449800E+00,3.735208E-04
1.986000E+00,1.449741E+00,4.983255E-04,1.449611E+00,7.475770E-04,1.449805E+00,3.736999E-04
1.989000E+00,1.449748E+00,4.989818E-04,1.449622E+00,7.486097E-04,1.449811E+00,3.742644E-04
1.992000E+00,1.449756E+00,5.003149E-04,1.449634E+00,7.506096E-04,1.449817E+00,3.752160E-04
1.995000E+00,1.449764E+00,5.014561E-04,1.449646E+00,7.523214E-04,1.449823E+00,3.760718E-04
1.998000E+00,1.449772E+00,5.025013E-04,1.449658E+00,7.537924E-04,1.449829E+00,3.768313E-04
2.001000E+00,1.449781E+00,5.041304E-04,1.449672E+00,7.562362E-04,1.449836E+00,3.780775E-04
2.004000E+00,1.449791E+00,5.046915E-04,1.449686E+00,7.570780E-04,1.449843E+00,3.784982E-04
2.007000E+00,1.449801E+00,5.040823E-04,1.449701E+00,7.562618E-04,1.449851E+00,3.780414E-04
2.010000E+00,1.449811E+00,5.024928E-04,1.449716E+00,7.538778E-04,1.449858E+00,3.768248E-04
2.013000E+00,1.449821E+00,4.997720E-04,1.449731E+00,7.497233E-04,1.449865E+00,3.748207E-04
2.016000E+00,1.449830E+00,4.961594E-04,1.449745E+00,7.443782E-04,1.449872E+00,3.721481E-04
2.019000E+00,1.449838E+00,4.919457E-04,1.449757E+00,7.379351E-04,1.449879E+00,3.689266E-04
2.022000E+00,1.449846E+00,4.866369E-04,1.449769E+00,7.300945E-04,1.449884E+00,3.650062E-04
2.025000E+00,1.449852E+00,4.802774E-04,1.449778E+00,7.205556E-04,1.449889E+00,3.601875E-04
2.028000E+00,1.449856E+00,4.755715E-04,1.449784E+00,7.133492E-04,1.449892E+00,3.566827E-04
2.031000E+00,1.449860E+00,4.716385E-04,1.449790E+00,7.074992E-04,1.449895E+00,3.537577E-04
2.034000E+00,1.449864E+00,4.672969E-04,1.449796E+00,7.009869E-04,1.449898E+00,3.504275E-04
2.037000E+00,1.449867E+00,4.642266E-04,1.449800E+00,6.963319E-04,1.449900E+00,3.481740E-04
2.040000E+00,1.449870E+00,4.619377E-04,1.449805E+00,6.929977E-04,1.449902E+00,3.464574E-04
2.043000E+00,1.449873E+00,4.600869E-04,1.449809E+00,6.902462E-04,1.449905E+00,3.450319E-04
2.046000E+00,1.449876E+00,4.588743E-04,1.449814E+00,6.883779E-04,1.449907E+00,3.441474E-04
2.049000E+00,1.449880E+00,4.582036E-04,1.449819E+00,6.872974E-04,1.449910E+00,3.436071E-04
2.052000E+00,1.449883E+00,4.582267E-04,1.449825E+00,6.874067E-04,1.449913E+00,3.436866E-04
2.055000E+00,1.449888E+00,4.585473E-04,1.449832E+00,6.878129E-04,1.449916E+00,3.438646E-04
2.058000E+00,1.449894E+00,4.594165E-04,1.449841E+00,6.892168E-04,1.449921E+00,3.445666E-04
2.061000E+00,1.449902E+00,4.595858E-04,1.449852E+00,6.894205E-04,1.449926E+00,3.446684E-04
2.064000E+00,1.449910E+00,4.591019E-04,1.449865E+00,6.887198E-04,1.449933E+00,3.443179E-04
2.067000E+00,1.449920E+00,4.565065E-04,1.449879E+00,6.848017E-04,1.449940E+00,3.423588E-04
2.070000E+00,1.449929E+00,4.522928E-04,1.449894E+00,6.784561E-04,1.449947E+00,3.392364E-04
2.073000E+00,1.449938E+00,4.457996E-04,1.449908E+00,6.687669E-04,1.449954E+00,3.343413E-04
2.076000E+00,1.449946E+00,4.374204E-04,1.449919E+00,6.561225E-04,1.449960E+00,3.280695E-04
2.079000E+00,1.449952E+00,4.288637E-04,1.449928E+00,6.432368E-04,1.449964E+00,3.216267E-04
2.082000E+00,1.449957E+00,4.205839E-04,1.449936E+00,6.309180E-04,1.449968E+00,3.154674E-04
2.085000E+00,1.449961E+00,4.116200E-04,1.449942E+00,6.174471E-04,1.449971E+00,3.087064E-04
2.088000E+00,1.449965E+00,4.034400E-04,1.449947E+00,6.051517E-04,1.449973E+00,3.025843E-04
2.091000E+00,1.449967E+00,3.955904E-04,1.449951E+00,5.934278E-04,1.449976E+00,2.967222E-04
2.094000E+00,1.449970E+00,3.876145E-04,1.449955E+00,5.814645E-04,1.449978E+00,2.906896E-04
2.097000E+00,1.449972E+00,3.793599E-04,1.449958E+00,5.690568E-04,1.449979E+00,2.845368E-04
2.100000E+00,1.449974E+00,3.709268E-04,1.449961E+00,5.564074E-04,1.449981E+00,2.781611E-04
2.103000E+00,1.449975E+00,3.614979E-04,1.449963E+00,5.422895E-04,1.449982E+00,2.711021E-04
2.106000E+00,1.449976E+00,3.525008E-04,1.449963E+00,5.287429E-04,1.449982E+00,2.643798E-04
2.109000E+00,1.449975E+00,3.433998E-04,1.449962E+00,5.150529E-04,1.449981E+00,2.575348E-04
2.112000E+00,1.449974E+00,3.345792E-04,1.449960E+00,5.019373E-04,1.449980E+00,2.509258E-04
2.115000E+00,1.449971E+00,3.259633E-04,1.449957E+00,4.889365E-04,1.449978E+00,2.444510E-04
2.118000E+00,1.449968E+00,3.183761E-04,1.449952E+00,4.775426E-04,1.449976E+00,2.387798E-04
2.121000E+00,1.449965E+00,3.118477E-04,1.449947E+00,4.678145E-04,1.449974E+00,2.338900E-04
2.124000E+00,1.449962E+00,3.052736E-04,1.449942E+00,4.579536E-04,1.449971E+00,2.289595E-04
2.127000E+00,1.449958E+00,2.989899E-04,1.449937E+00,4.484762E-04,1.449968E+00,2.242467E-04
2.130000E+00,1.449954E+00,2.933077E-04,1.449931E+00,4.399532E-04,1.449965E+00,2.199591E-04
2.133000E+00,1.449950E+00,2.883596E-04,1.449925E+00,4.325438E-04,1.449962E+00,2.162804E-04
2.136000E+00,1.449946E+00,2.827998E-04,1.449919E+00,4.242303E-04,1.449959E+00,2.120977E-04
2.139000E+00,1.449941E+00,2.787297E-04,1.449912E+00,4.181250E-04,1.449956E+00,2.090580E-04
2.142000E+00,1.449937E+00,2.747251E-04,1.449906E+00,4.121052E-04,1.449953E+00,2.060611E-04
2.145000E+00,1.449933E+00,2.705780E-04,1.449899E+00,4.058585E-04,1.449950E+00,2.029117E-04
2.148000E+00,1.449928E+00,2.669920E-04,1.449892E+00,4.005315E-04,1.449946E+00,2.002483E-04
2.151000E+00,1.449924E+00,2.637343E-04,1.449886E+00,3.956061E-04,1.449943E+00,1.977855E-04
2.154000E+00,1.449919E+00,2.606760E-04,1.449879E+00,3.910315E-04,1.449940E+00,1.954983E-04
2.157000E+00,1.449915E+00,2.581056E-04,1.449873E+00,3.871761E-04,1.449936E+00,1.935704E-04
2.160000E+00,1.449911E+00,2.556845E-04,1.449866E+00,3.835968E-04,1.449933E+00,1.917677E-04
2.163000E+00,1.449907E+00,2.533343E-04,1.449860E+00,3.800060E-04,1.449930E+00,1.899854E-04
2.166000E+00,1.449903E+00,2.508716E-04,1.449855E+00,3.763250E-04,1.449927E+00,1.881448E-04
2.169000E+00,1.449899E+00,2.481640E-04,1.449849E+00,3.722637E-04,1.449924E+00,1.861141E-04
2.172000E+00,1.449895E+00,2.460544E-04,1.449842E+00,3.690863E-04,1.449921E+00,1.845253E-04
2.175000E+00,1.449891E+00,2.439383E-04,1.449836E+00,3.659778E-04,1.449918E+00,1.829580E-04
2.178000E+00,1.449887E+00,2.417358E-04,1.449830E+00,3.625951E-04,1.449915E+00,1.812798E-04
2.181000E+00,1.449883E+00,2.396853E-04,1.449824E+00,3.595460E-04,1.449912E+00,1.797552E-04
2.184000E+00,1.449879E+00,2.376814E-04,1.449818E+00,3.565399E-04,1.449909E+00,1.782521E-04
2.187000E+00,1.449874E+00,2.353258E-04,1.449811E+00,3.530463E-04,1.449906E+00,1.764787E-04
2.190000E+00,1.449870E+00,2.334946E-04,1.449805E+00,3.502865E-04,1.449902E+00,1.751120E-04
2.193000E+00,1.449866E+00,2.316309E-04,1.449798E+00,3.474643E-04,1.449899E+00,1.737143E-04
2.196000E+00,1.449861E+00,2.293880E-04,1.449791E+00,3.441001E-04,1.449896E+00,1.720320E-04
2.199000E+00,1.449856E+00,2.274583E-04,1.449784E+00,3.412057E-04,1.449892E+00,1.705849E-04
2.202000E+00,1.449851E+00,2.256298E-04,1.449777E+00,3.384626E-04,1.449889E+00,1.692000E-04
2.205000E+00,1.449846E+00,2.238488E-04,1.449769E+00,3.358179E-04,1.449885E+00,1.678642E-04
2.208000E+00,1.449841E+00,2.221157E-04,1.449761E+00,3.332184E-04,1.449881E+00,1.665644E-04
2.211000E+00,1.449835E+00,2.205382E-04,1.449753E+00,3.308254E-04,1.449877E+00,1.653812E-04
2.214000E+00,1.449830E+00,2.194664E-04,1.449744E+00,3.292312E-04,1.449872E+00,1.645975E-04
2.217000E+00,1.449824E+00,2.184178E-04,1.449736E+00,3.276314E-04,1.449868E+00,1.637976E-04
2.220000E+00,1.449818E+00,2.172847E-04,1.449727E+00,3.259721E-04,1.449864E+00,1.629410E-04
2.223000E+00,1.449812E+00,2.166066E-04,1.449718E+00,3.249551E-04,1.449859E+00,1.624324E-04
2.226000E+00,1.449806E+00,2.160070E-04,1.449709E+00,3.240421E-04,1.449854E+00,1.620029E-04
2.229000E+00,1.449800E+00,2.160816E-04,1.449699E+00,3.241812E-04,1.449850E+00,1.620588E-04
2.232000E+00,1.449793E+00,2.164807E-04,1.449690E+00,3.247800E-04,1.449845E+00,1.623582E-04
2.235000E+00,1.449787E+00,2.165005E-04,1.449681E+00,3.247823E-04,1.449841E+00,1.623594E-04
2.238000E+00,1.449781E+00,2.165193E-04,1.449672E+00,3.248650E-04,1.449836E+00,1.623871E-04
2.241000E+00,1.449775E+00,2.169727E-04,1.449662E+00,3.255182E-04,1.449831E+00,1.627136E-04
2.244000E+00,1.449769E+00,2.173723E-04,1.449653E+00,3.261447E-04,1.449827E+00,1.630132E-04
2.247000E+00,1.449762E+00,2.179629E-04,1.449643E+00,3.269626E-04,1.449822E+00,1.634494E-04
2.250000E+00,1.449756E+00,2.183085E-04,1.449634E+00,3.274812E-04,1.449817E+00,1.637086E-04
2.253000E+00,1.449749E+00,2.182713E-04,1.449623E+00,3.274802E-04,1.449812E+00,1.636943E-04
2.256000E+00,1.449742E+00,2.187126E-04,1.449612E+00,3.281353E-04,1.449806E+00,1.640219E-04
2.259000E+00,1.449734E+00,2.194286E-04,1.449601E+00,3.292026E-04,1.449800E+00,1.645417E-04
2.262000E+00,1.449725E+00,2.199947E-04,1.449588E+00,3.300792E-04,1.449794E+00,1.649799E-04
2.265000E+00,1.449716E+00,2.218542E-04,1.449574E+00,3.328547E-04,1.449787E+00,1.663814E-04
2.268000E+00,1.449707E+00,2.240205E-04,1.449560E+00,3.361046E-04,1.449780E+00,1.679924E-04
2.271000E+00,1.449697E+00,2.272675E-04,1.449546E+00,3.409612E-04,1.449773E+00,1.704345E-04
2.274000E+00,1.449688E+00,2.319305E-04,1.449531E+00,3.479832E-04,1.449766E+00,1.739178E-04
2.277000E+00,1.449678E+00,2.372131E-04,1.449517E+00,3.559074E-04,1.449759E+00,1.778798E-04
2.280000E+00,1.449670E+00,2.431456E-04,1.449504E+00,3.647925E-04,1.449752E+00,1.823500E-04
2.283000E+00,1.449661E+00,2.495088E-04,1.449491E+00,3.743373E-04,1.449746E+00,1.871084E-04
2.286000E+00,1.449653E+00,2.566373E-04,1.449479E+00,3.850441E-04,1.449740E+00,1.924616E-04
2.289000E+00,1.449645E+00,2.652566E-04,1.449468E+00,3.979733E-04,1.449734E+00,1.989123E-04
2.292000E+00,1.449639E+00,2.730351E-04,1.449458E+00,4.096270E-04,1.449729E+00,2.047391E-04
2.295000E+00,1.449632E+00,2.811951E-04,1.449448E+00,4.219231E-04,1.449724E+00,2.108591E-04
2.298000E+00,1.449627E+00,2.895431E-04,1.449440E+00,4.344730E-04,1.449720E+00,2.171339E-04
2.301000E+00,1.449621E+00,2.975206E-04,1.449431E+00,4.464396E-04,1.449716E+00,2.231172E-04
2.304000E+00,1.449616E+00,3.062176E-04,1.449423E+00,4.594430E-04,1.449712E+00,2.296187E-04
2.307000E+00,1.449611E+00,3.153282E-04,1.449416E+00,4.730951E-04,1.449708E+00,2.364447E-04
2.310000E+00,1.449607E+00,3.237603E-04,1.449410E+00,4.857713E-04,1.449705E+00,2.427827E-04
2.313000E+00,1.449602E+00,3.325783E-04,1.449404E+00,4.990409E-04,1.449702E+00,2.493891E-04
2.316000E+00,1.449599E+00,3.415868E-04,1.449398E+00,5.125116E-04,1.449699E+00,2.561526E-04
2.319000E+00,1.449595E+00,3.501952E-04,1.449393E+00,5.254524E-04,1.449697E+00,2.626228E-04
2.322000E+00,1.449592E+00,3.595013E-04,1.449388E+00,5.393838E-04,1.449694E+00,2.695601E-04
2.325000E+00,1.449589E+00,3.674189E-04,1.449383E+00,5.513168E-04,1.449692E+00,2.755264E-04
2.328000E+00,1.449586E+00,3.763449E-04,1.449378E+00,5.646919E-04,1.449689E+00,2.821856E-04
2.331000E+00,1.449582E+00,3.857457E-04,1.449373E+00,5.787226E-04,1.449687E+00,2.892857E-04
2.334000E+00,1.449579E+00,3.949994E-04,1.449369E+00,5.926740E-04,1.449685E+00,2.961762E-04
2.337000E+00,1.449576E+00,4.042187E-04,1.449364E+00,6.064892E-04,1.449682E+00,3.030835E-04
2.340000E+00,1.449573E+00,4.147392E-04,1.449360E+00,6.222699E-04,1.449680E+00,3.110022E-04
2.343000E+00,1.449571E+00,4.254560E-04,1.449356E+00,6.383168E-04,1.449678E+00,3.190538E-04
2.346000E+00,1.449569E+00,4.369963E-04,1.449353E+00,6.556561E-04,1.449677E+00,3.276949E-04
2.349000E+00,1.449568E+00,4.494205E-04,1.449352E+00,6.742926E-04,1.449676E+00,3.370416E-04
2.352000E+00,1.449568E+00,4.609612E-04,1.449352E+00,6.916038E-04,1.449676E+00,3.456398E-04
2.355000E+00,1.449569E+00,4.727014E-04,1.449353E+00,7.093001E-04,1.449677E+00,3.544879E-04
2.358000E+00,1.449570E+00,4.836683E-04,1.449355E+00,7.256076E-04,1.449678E+00,3.626700E-04
2.361000E+00,1.449572E+00,4.947188E-04,1.449358E+00,7.422982E-04,1.449679E+00,3.709864E-04
2.364000E+00,1.449574E+00,5.054514E-04,1.449361E+00,7.582826E-04,1.449681E+00,3.790359E-04
2.367000E+00,1.449576E+00,5.155201E-04,1.449364E+00,7.735580E-04,1.449682E+00,3.865872E-04
2.370000E+00,1.449578E+00,5.273390E-04,1.449367E+00,7.911718E-04,1.449684E+00,3.954228E-04
2.373000E+00,1.449581E+00,5.371119E-04,1.449371E+00,8.057736E-04,1.449686E+00,4.027234E-04
2.376000E+00,1.449584E+00,5.491003E-04,1.449375E+00,8.237563E-04,1.449688E+00,4.117144E-04
2.379000E+00,1.449588E+00,5.627348E-04,1.449382E+00,8.443241E-04,1.449691E+00,4.219692E-04
2.382000E+00,1.449595E+00,5.733941E-04,1.449392E+00,8.603132E-04,1.449696E+00,4.300503E-04
2.385000E+00,1.449602E+00,5.848314E-04,1.449403E+00,8.773824E-04,1.449701E+00,4.385270E-04
2.388000E+00,1.449610E+00,5.943238E-04,1.449415E+00,8.916503E-04,1.449708E+00,4.456898E-04
2.391000E+00,1.449619E+00,6.028512E-04,1.449428E+00,9.045577E-04,1.449714E+00,4.521141E-04
2.394000E+00,1.449629E+00,6.115145E-04,1.449443E+00,9.174366E-04,1.449722E+00,4.585533E-04
2.397000E+00,1.449639E+00,6.141434E-04,1.449458E+00,9.213803E-04,1.449729E+00,4.605252E-04
2.400000E+00,1.449646E+00,6.172434E-04,1.449468E+00,9.261472E-04,1.449734E+00,4.629083E-04
2.403000E+00,1.449653E+00,6.217498E-04,1.449479E+00,9.329071E-04,1.449740E+00,4.662880E-04
2.406000E+00,1.449659E+00,6.246293E-04,1.449489E+00,9.371098E-04,1.449745E+00,4.684477E-04
2.409000E+00,1.449666E+00,6.276314E-04,1.449498E+00,9.416130E-04,1.449749E+00,4.707284E-04
2.412000E+00,1.449671E+00,6.301702E-04,1.449507E+00,9.454215E-04,1.449753E+00,4.726033E-04
2.415000E+00,1.449676E+00,6.327134E-04,1.449514E+00,9.494127E-04,1.449757E+00,4.745400E-04
2.418000E+00,1.449681E+00,6.364355E-04,1.449521E+00,9.548199E-04,1.449761E+00,4.772434E-04
2.421000E+00,1.449686E+00,6.399297E-04,1.449529E+00,9.600026E-04,1.449765E+00,4.798933E-04
2.424000E+00,1.449691E+00,6.413702E-04,1.449537E+00,9.623694E-04,1.449769E+00,4.809588E-04
2.427000E+00,1.449694E+00,6.419871E-04,1.449541E+00,9.630890E-04,1.449771E+00,4.814362E-04
2.430000E+00,1.449698E+00,6.483279E-04,1.449547E+00,9.726591E-04,1.449774E+00,4.861622E-04
2.433000E+00,1.449703E+00,6.495419E-04,1.449555E+00,9.744508E-04,1.449778E+00,4.871169E-04
2.436000E+00,1.449707E+00,6.508751E-04,1.449560E+00,9.765988E-04,1.449780E+00,4.881907E-04
2.439000E+00,1.449709E+00,6.527428E-04,1.449564E+00,9.793415E-04,1.449782E+00,4.895027E-04
2.442000E+00,1.449712E+00,6.574598E-04,1.449568E+00,9.863577E-04,1.449784E+00,4.930700E-04
2.445000E+00,1.449716E+00,6.600488E-04,1.449574E+00,9.901820E-04,1.449787E+00,4.949227E-04
2.448000E+00,1.449718E+00,6.616910E-04,1.449576E+00,9.925863E-04,1.449788E+00,4.961838E-04
2.451000E+00,1.449721E+00,6.694063E-04,1.449582E+00,1.004278E-03,1.449791E+00,5.020300E-04
2.454000E+00,1.449726E+00,6.701066E-04,1.449589E+00,1.005388E-03,1.449795E+00,5.025847E-04
2.457000E+00,1.449727E+00,6.703290E-04,1.449591E+00,1.005782E-03,1.449796E+00,5.027219E-04
2.460000E+00,1.449730E+00,6.775996E-04,1.449594E+00,1.016569E-03,1.449797E+00,5.081747E-04
2.463000E+00,1.449734E+00,6.802205E-04,1.449601E+00,1.020440E-03,1.449801E+00,5.100506E-04
2.466000E+00,1.449736E+00,6.799709E-04,1.449604E+00,1.020006E-03,1.449802E+00,5.098931E-04
2.469000E+00,1.449737E+00,6.828368E-04,1.449605E+00,1.024365E-03,1.449803E+00,5.120725E-04
2.472000E+00,1.449733E+00,6.828860E-04,1.449600E+00,1.024649E-03,1.449800E+00,5.121543E-04
2.475000E+00,1.449732E+00,6.971183E-04,1.449598E+00,1.045848E-03,1.449799E+00,5.228134E-04
2.478000E+00,1.449733E+00,7.032587E-04,1.449600E+00,1.055059E-03,1.449800E+00,5.274190E-04
2.481000E+00,1.449739E+00,7.212213E-04,1.449608E+00,1.081882E-03,1.449804E+00,5.408908E-04
2.484000E+00,1.449746E+00,7.208870E-04,1.449619E+00,1.081502E-03,1.449810E+00,5.406401E-04
2.487000E+00,1.449747E+00,7.270725E-04,1.449620E+00,1.090780E-03,1.449810E+00,5.452792E-04
2.490000E+00,1.449751E+00,7.442764E-04,1.449627E+00,1.116767E-03,1.449814E+00,5.582121E-04
2.493000E+00,1.449764E+00,7.567972E-04,1.449646E+00,1.135186E-03,1.449823E+00,5.675423E-04
2.496000E+00,1.449773E+00,7.552833E-04,1.449660E+00,1.133036E-03,1.449830E+00,5.663463E-04
2.499000E+00,1.449784E+00,7.734264E-04,1.449676E+00,1.160372E-03,1.449839E+00,5.799533E-04
